999988887777	Shylu	8608168366	BSNL	Chennai	2018-03-30
999988887777	Shylu	8608168367	BSNL	Chennai	2018-03-30
999988887777	Shylu	8608168368	BSNL	Chennai	2018-03-30
999988887777	Shylu	8608168369	BSNL	Delhi	2018-03-30
999988887777	Shylu	8608168370	Airtel	Delhi	2018-03-30
999988887777	Shylu	8608168371	Airtel	Delhi	2018-03-31
999988887777	Shylu	8608168372	Airtel	Mumbai	2018-03-31
999988887777	Shylu	8608168373	Airtel	Mumbai	2018-03-31
999988887777	Shylu	8608168374	JIO	Mumbai	2018-03-31
999988887777	Shylu	8608168375	JIO	Madurai	2018-03-31
999988887777	Shylu	8608168376	JIO	Madurai	2018-03-31
999988887777	Shylu	8608168377	JIO	Madurai	2018-03-31
999988887777	Shylu	8608168378	Vodafone	Gujarat	2018-03-31
999988887777	Shylu	8608168379	Vodafone	Gujarat	2018-03-31
999988887777	Shylu	8608168380	Vodafone	Gujarat	2018-03-31
