605763873608	DHIVYA	9364103806	VODAFONE	ANDRAPRADESH	1996-09-13
605763873608	DHIVYA	9363123807	JIO	PUNJAB	2017-12-22
605763873608	DHIVYA	9373103808	JIO	ASSAM	2018-01-26
605763873609	DHARANI	9363103804	JIO	KERALA	2016-11-30
605763873609	DHARANI	9363105806	JIO	ASSAM	2018-02-13
605763873609	DHARANI	9383103807	JIO	INDORE	2018-03-26
605763873610	DHIVYASRI	9856231470	AIRTEL	MUMBAI	2008-08-18
605763873611	DAYALAN	9363103806	AIRTEL	HARYANA	2006-09-25
605763873611	DAYALAN	9363103807	VODAFONE	KARNATAKA	2010-04-18
605763873611	DAYALAN	9363103808	VODAFONE	NEWDELHI	2012-12-19
605763873614	FRANCIS	9715673386	BSNL	KOLKATA	2010-09-23
605763873615	FREEK	9715073386	JIO	KARNATAKA	2017-02-18
605763873615	FREEK	9715073087	AIRTEL	KERALA	2016-09-21
605763873616	GOKUL	9715073387	AIRTEL	ANDRAPRADESH	2014-05-26
605763873616	GOKUL	9715073988	VODAFONE	TAMILNADU	2017-12-21
605763873616	GOKUL	9715093389	VODAFONE	TAMILNADU	2013-09-20
605763873617	GIRI	9715073388	AIRTEL	TAMILNADU	2012-07-18
605763873617	GIRI	9715073189	AIRTEL	KERALA	2014-08-16
605763873617	GIRI	9725073390	BSNL	KARNATAKA	2010-12-15
605763873617	GIRI	9715173391	BSNL	KARNATAKA	2016-10-27
605763873618	GOWTHAM	9715073389	IDEA	KERALA	1997-03-21
605763873618	GOWTHAM	9715093390	AIRTEL	HARYANA	1998-04-30
605763873618	GOWTHAM	9715076391	VODAFONE	ASSAM	1998-04-15
605763873619	GOWTHAMI	9715073390	BSNL	ASSAM	1998-05-23
605763873619	GOWTHAMI	9715073391	JIO	ASSAM	2017-07-24
605763873621	GEETHANJALI	9362003704	VODAFONE	ANDRAPRADESH	1995-04-30
605763873621	GEETHANJALI	9362213705	VODAFONE	TAMILNADU	1997-05-30
605763873621	GEETHANJALI	9462203706	BSNL	TAMILNADU	2000-08-30
605763873622	GIRINATH	9362203704	IDEA	TAMILNADU	1996-12-24
605763873622	GIRINATH	9360203705	IDEA	KERALA	1999-12-15
605763873622	GIRINATH	9360003706	IDEA	KARNATAKA	1997-12-21
605763873623	GOWRI	9362203705	AIRTEL	ASSAM	1997-08-23
605763873623	GOWRI	9362203706	AIRTEL	INDORE	2002-12-21
605763873601	ABDUL	1234567791	AIRTEL	TAMILNADU	1996-08-20
605763873601	ABDUL	8754958608	JIO	MUMBAI	2017-09-21
605763873601	ABDUL	8754958609	JIO	KOLKATA	2017-02-17
605763873601	ABDUL	8754958610	JIO	PUNJAB	2017-09-18
605763873601	ABDUL	8754958611	BSNL	ASSAM	1997-03-21
605763873601	ABDUL	8754958613	AIRTEL	ANDRAPRADESH	1998-04-30
605763873601	ABDUL	8754958615	VODAFONE	ASSAM	1998-04-15
605763873602	BALAJI	8871596321	IDEA	TAMILNADU	1998-05-23
605763873602	BALAJI	8871596322	IDEA	TAMILNADU	1999-07-24
605763873602	BALAJI	8871596323	JIO	PUNJAB	1999-09-17
605763873602	BALAJI	8871596324	JIO	PUNJAB	1996-02-20
605763873602	BALAJI	8871596325	AIRTEL	NEWDELHI	1996-04-25
605763873602	BALAJI	8871596326	AIRTEL	NEWDELHI	1997-04-24
605763873602	BALAJI	8871596327	BSNL	HARYANA	1998-05-23
605763873602	BALAJI	8871596328	BSNL	HARYANA	1996-02-17
605763873602	BALAJI	8871596329	VODAFONE	KARNATAKA	1995-04-30
605763873602	BALAJI	8871596330	VODAFONE	INDORE	1997-05-30
605763873602	BALAJI	8871596331	AIRTEL	MUMBAI	2000-08-30
605763873602	BALAJI	8871596332	AIRTEL	KOLKATA	1996-12-24
605763873602	BALAJI	8871596333	JIO	HARYANA	2016-12-15
605763873603	CHANDRU	9735056690	JIO	INDORE	2017-12-23
605763873603	CHANDRU	9735056693	AIRTEL	KARNATAKA	1996-09-13
605763873603	CHANDRU	9735056695	IDEA	ANDRAPRADESH	2017-12-22
605763873603	CHANDRU	9735056699	AIRTEL	MUMBAI	2018-01-26
605763873603	CHANDRU	9735056700	AIRTEL	KOLKATA	2016-11-30
605763873604	CHITHRA	9362103803	BSNL	KARNATAKA	2018-02-13
605763873604	CHITHRA	9362103804	BSNL	PUNJAB	2018-03-26
605763873604	CHITHRA	9362103806	JIO	INDORE	2008-08-18
605763873604	CHITHRA	9362103810	JIO	PUNJAB	2006-09-25
605763873604	CHITHRA	9362103811	JIO	PUNJAB	2010-04-18
605763873604	CHITHRA	9362103812	AIRTEL	PUNJAB	2012-12-19
605763873605	DEEPAK	9715073485	VODAFONE	HARYANA	2010-09-23
605763873605	DEEPAK	9715073487	IDEA	HARYANA	2017-02-18
605763873605	DEEPAK	9715073489	JIO	ASSAM	2016-09-21
605763873605	DEEPAK	9715073491	JIO	MUMBAI	2014-05-26
605763873605	DEEPAK	9715073492	IDEA	MUMBAI	2017-12-21
605763873606	DEEPIKA	8871596391	IDEA	NEWDELHI	2013-09-20
605763873606	DEEPIKA	8871596392	IDEA	NEWDELHI	2012-07-18
605763873606	DEEPIKA	8871596394	AIRTEL	KERALA	2014-08-16
605763873606	DEEPIKA	8871596397	VODAFONE	KERALA	2010-12-15
605763873607	DHANUSRI	9500277387	BSNL	MUMBAI	2016-10-27
605763873607	DHANUSRI	9500277388	BSNL	INDORE	1997-03-21
605763873607	DHANUSRI	9500277389	BSNL	TAMILNADU	1998-04-30
605763873607	DHANUSRI	9500277390	BSNL	PUNJAB	1998-04-15
605763873608	DHIVYA	9363103803	AIRTEL	ANDRAPRADESH	1998-05-23
605763873608	DHIVYA	9363103805	AIRTEL	HARYANA	2017-07-24
605763873608	DHIVYA	9363103809	JIO	INDORE	1995-04-30
605763873608	DHIVYA	9363103810	JIO	KOLKATA	1997-05-30
605763873609	DHARANI	9363103405	JIO	KARNATAKA	2000-08-30
605763873610	DHIVYASRI	9363103505	VODAFONE	NEWDELHI	1996-12-24
605763873612	ELAVARASAN	9873564123	JIO	TAMILNADU	1999-12-15
605763873613	ELANGO	9654782136	BSNL	TAMILNADU	1997-12-21
605763873613	ELANGO	9658741258	BSNL	INDORE	1997-08-23
605763873614	FRANCIS	9715073385	IDEA	PUNJAB	2002-12-21
605763873617	GIRI	9715073392	VODAFONE	NEWDELHI	1996-08-20
605763873617	GIRI	9715073393	VODAFONE	MUMBAI	2017-09-21
605763873617	GIRI	9715073394	AIRTEL	MUMBAI	2017-02-17
605763873617	GIRI	9715073395	AIRTEL	MUMBAI	2017-09-18
605763873617	GIRI	9715073396	VODAFONE	KARNATAKA	1997-03-21
605763873620	GEETHA	8754121733	IDEA	INDORE	1998-04-30
605763873620	GEETHA	8754121734	AIRTEL	INDORE	1998-04-15
605763873620	GEETHA	8754121735	BSNL	HARYANA	1998-05-23
605763873620	GEETHA	8754121736	BSNL	KARNATAKA	1999-07-24
605763873620	GEETHA	8754121737	BSNL	KERALA	1999-09-17
605763873621	GEETHANJALI	9362203703	VODAFONE	ANDRAPRADESH	1996-02-20
605763873624	HARI	9362203707	AIRTEL	INDORE	1996-04-25
605763873624	HARI	9362203708	IDEA	TAMILNADU	1997-04-24
605763873624	HARI	9362203709	AIRTEL	TAMILNADU	1998-05-23
605763873624	HARI	9362203710	JIO	PUNJAB	1996-02-17
605763873625	HARIVIGNESH	8754121753	JIO	PUNJAB	1995-04-30
605763873625	HARIVIGNESH	8754121754	JIO	PUNJAB	1997-05-30
605763873626	HARSHA	9640408900	JIO	TAMILNADU	2000-08-30
605763873626	HARSHA	9640408901	AIRTEL	TAMILNADU	1996-12-24
605763873627	HIRITHIKA	9640408902	BSNL	KERALA	2016-12-15
605763873628	HEMA	8608338366	BSNL	KARNATAKA	2017-12-23
605763873628	HEMA	8608338367	BSNL	KARNATAKA	1996-09-13
605763873629	HARITHA	9856541237	JIO	KERALA	2017-12-22
605763873630	HARSHITHA	9998670117	JIO	PUNJAB	2018-01-26
605763873631	HEEMAVARI	9998670118	JIO	PUNJAB	2016-11-30
605763873631	HEEMAVARI	9998670119	JIO	TAMILNADU	2018-02-13
605763873631	HEEMAVARI	9998670120	VODAFONE	TAMILNADU	2018-03-26
605763873632	JENI	9998670121	VODAFONE	INDORE	2008-08-18
605763873633	JAGAN	9998670122	VODAFONE	ASSAM	2006-09-25
605763873633	JAGAN	9998670123	VODAFONE	INDORE	2010-04-18
605763873634	JEYANTH	9998670124	AIRTEL	INDORE	2012-12-19
605763873635	JOSHUA	9998670125	AIRTEL	ASSAM	2010-09-23
605763873636	JOIAL	9998670126	AIRTEL	MUMBAI	2017-02-18
605763873636	JOIAL	9998670127	AIRTEL	MUMBAI	2016-09-21
605763873637	KIRUTHIKA	9998670128	AIRTEL	ANDRAPRADESH	2014-05-26
605763873638	KEERTHI	9998670129	AIRTEL	KERALA	2017-12-21
605763873638	KEERTHI	9998670130	BSNL	ANDRAPRADESH	2013-09-20
605763873639	KAMATCHI	9998670131	BSNL	KARNATAKA	2012-07-18
605763873640	KASTURI	9998670132	BSNL	KERALA	2014-08-16
605763873641	KAMALA	9998670133	BSNL	NEWDELHI	2010-12-15
605763873642	KAMALI	9998670134	BSNL	HARYANA	2016-10-27
605763873642	KAMALI	9998670135	JIO	MUMBAI	1997-03-21
605763873643	KALPANA	9998670136	JIO	KOLKATA	1998-04-30
605763873643	KALPANA	9998670137	AIRTEL	PUNJAB	1998-04-15
605763873643	KALPANA	9998670138	VODAFONE	HARYANA	1998-05-23
605763873644	KARTHIKA	9998670139	AIRTEL	HARYANA	2017-07-24
605763873645	LAKSMI	9998670140	AIRTEL	TAMILNADU	1995-04-30
605763873646	LALITHA	9998670141	VODAFONE	KARNATAKA	1997-05-30
605763873646	LALITHA	9998670142	BSNL	KERALA	2000-08-30
605763873647	MONISHA	9998670143	VODAFONE	NEWDELHI	1996-12-24
605763873647	MONISHA	9998670144	JIO	ANDRAPRADESH	1999-12-15
605763873648	MOHUL	9998670145	JIO	ANDRAPRADESH	1997-12-21
605763873649	MANISH	9998670146	JIO	ANDRAPRADESH	1997-08-23
605763873650	MOULI	9998670147	VODAFONE	NEWDELHI	2002-12-21
605763873652	NITHYA	9998670149	AIRTEL	ASSAM	1996-08-20
605763873652	NITHYA	9998670150	AIRTEL	PUNJAB	2017-09-21
605763873653	NAYANTHARA	9998670151	AIRTEL	KOLKATA	2017-02-17
605763873654	NISHANTH	9998670152	BSNL	KOLKATA	2017-09-18
605763873655	PRASATH	9998670153	BSNL	HARYANA	1997-03-21
605763873655	PRASATH	9998670154	BSNL	HARYANA	1998-04-30
605763873656	PRAVEENA	9998670155	BSNL	KOLKATA	1998-04-15
605763873657	PRITHVI	9998670156	VODAFONE	NEWDELHI	1998-05-23
605763873658	PRASITHA	9998670157	VODAFONE	ANDRAPRADESH	1999-07-24
605763873659	PUNITH	9998670158	VODAFONE	TAMILNADU	1999-09-17
605763873660	PRAKASH	9998670159	VODAFONE	TAMILNADU	1996-02-20
605763873661	PETER	9998670160	IDEA	PUNJAB	1996-04-25
605763873662	PRADHEESH	9998670161	IDEA	PUNJAB	1997-04-24
605763873663	PRIYA	9998670162	IDEA	PUNJAB	1998-05-23
605763873664	SANGILI KANNAN	9998670163	IDEA	PUNJAB	1996-02-17
605763873665	SWATHI	9998670164	AIRTEL	HARYANA	1995-04-30
605763873666	SWETHA	9998670165	AIRTEL	ANDRAPRADESH	1997-05-30
605763873667	SRINI	9998670166	AIRTEL	KERALA	2000-08-30
605763873668	SRIDHAR	9998670167	VODAFONE	KARNATAKA	1996-12-24
605763873669	SASI	9998670168	VODAFONE	NEWDELHI	2016-12-15
605763873670	SOWMIYA	9998670169	IDEA	KOLKATA	2017-12-23
605763873671	SARA	9998670170	JIO	INDORE	1996-09-13
605763873671	SARA	9998670171	JIO	ASSAM	2017-12-22
605763873671	SARA	9998670172	JIO	PUNJAB	2018-01-26
605763873672	SUTHISH	9998670173	JIO	PUNJAB	2016-11-30
605763873672	SUTHISH	9998670174	JIO	MUMBAI	2018-02-13
605763873672	SUTHISH	9998670175	JIO	MUMBAI	2018-03-26
605763873673	SUNDR	9998670176	JIO	HARYANA	2008-08-18
605763873673	SUNDR	9998670177	VODAFONE	NEWDELHI	2006-09-25
605763873674	SUBBU	9998670178	VODAFONE	ANDRAPRADESH	2010-04-18
605763873674	SUBBU	9998670179	VODAFONE	KERALA	2012-12-19
605763873675	SAKSHI	9998670180	AIRTEL	KARNATAKA	2010-09-23
605763873676	SIVA	9998670181	AIRTEL	NEWDELHI	2017-02-18
605763873677	SAMPATH	9998670182	AIRTEL	HARYANA	2016-09-21
605763873678	SAMITH	9998670183	BSNL	MUMBAI	2014-05-26
605763873678	SAMITH	9998670184	BSNL	KARNATAKA	2017-12-21
605763873678	SAMITH	9998670185	BSNL	KOLKATA	2013-09-20
605763873679	TAGORE	9998670186	BSNL	KOLKATA	2012-07-18
605763873679	TAGORE	9998670187	VODAFONE	KARNATAKA	2014-08-16
605763873680	TARA	9998670188	VODAFONE	TAMILNADU	2010-12-15
605763873681	TAZMIN	9998670189	AIRTEL	HARYANA	2016-10-27
605763873681	TAZMIN	9998670190	AIRTEL	NEWDELHI	1997-03-21
605763873682	RAHUL	9998670191	AIRTEL	MUMBAI	1998-04-30
605763873683	RAVI	9998670192	JIO	PUNJAB	1998-04-15
605763873683	RAVI	9998670193	JIO	ASSAM	1998-05-23
605763873683	RAVI	9998670194	JIO	INDORE	2017-07-24
605763873684	ROSHAN	9998670195	JIO	INDORE	1995-04-30
605763873685	RITHISH	9998670196	JIO	ASSAM	1997-05-30
605763873686	RITHU	9998670197	AIRTEL	ASSAM	2000-08-30
605763873687	RAMESH	9998670198	AIRTEL	ASSAM	1996-12-24
605763873688	RAJESH	9998670199	AIRTEL	PUNJAB	1999-12-15
605763873689	RANJITH	9998670200	VODAFONE	PUNJAB	1997-12-21
605763873690	RAMANAN	9998670201	VODAFONE	PUNJAB	1997-08-23
605763873691	RITHIN	9998670202	IDEA	TAMILNADU	2002-12-21
605763873692	VIMAL	9998670203	IDEA	TAMILNADU	1996-08-20
605763873693	VIPIN	9998670204	IDEA	TAMILNADU	2017-09-21
605763873694	VINOTH	9998670205	IDEA	ASSAM	2017-02-17
605763873695	VANITHA	9998670206	VODAFONE	KERALA	2017-09-18
605763873696	VAASIM	9998670207	AIRTEL	KARNATAKA	1997-03-21
605763873697	VASANTH	9998670208	BSNL	KARNATAKA	1998-04-30
605763873697	VASANTH	9998670209	IDEA	NEWDELHI	1998-04-15
605763873698	VIRAT	9998670210	JIO	KOLKATA	1998-05-23
605763873699	VIKRAM	9998670211	JIO	KERALA	1999-07-24
605763873700	VISHAL	9998670212	AIRTEL	KARNATAKA	1999-09-17
605763873701	VENKAT	9998670213	AIRTEL	KARNATAKA	1996-02-20
